本词	国际音标	方言拼音	汉语拼音	词汇属性	对应官话词	官话拼音	词频	同义词	新旧标记
冰	pin1	bin1	bing1	赣			228788		
宾	pin1	bin1	bin1	赣			202982		
乾	tɕʰiɛn2	qien2	qian2	赣			120000		
肺	fɨi5	fei4	fei4	赣			120000		
脱	tʰot7	tot6	tuo1	赣	很/非常/极其	hen3/fei1 chang2/ji2 qi2	170000		
荤	fɨn1	fen1	hun1	赣			120000		
𬭚	sun5	sun4	chun2	赣			1920		
话	fa6	fa5	hua4	文			410000		
日	lɛt7	let6	ri4	文			370000		
作	tsɔʔ7	zok6	zuo4	赣			200000		
书	su1	su1	shu1	赣			350000		新1
成	saŋ5	sang4	cheng2	白			416686		
寻	tɕʰin2	qin2	xun2	白	找/寻找	zhao3/xun2 zhao3	326094		
值	tsɿʔ8	zik7	zhi2	赣			350000		新2
渠	tɕie3	jie3	qu2	赣	他	ta1	550000		
直	tsɿʔ8	zik7	zhi2	赣			190000		新2
出	tsʰuʔ7	cuk6	chu1	赣			395397		新1
祝	tsuʔ7	zuk6	zhu4	赣			120000		
经	tɕiaŋ1	jiang1	jing1	白			51289		
经	tɕin1	jin1	jing1	文			51289		
什	sɨt7	set6	shen2	文			380000		
什	ɕit7	xit6	shen2	白	啥	sha2	380000		
糇	hɛu2	heu2	hou2	赣	诱惑	you4 huo4	155000		
冇	mau6	mau5	mao3	赣			440656	没	
咁	kon1	gon1	gan4	赣			74513		
囥	kʰaŋ1	kang1	kang4	赣			90000	藏/隐藏	
逛	kʰuɔŋ6	kuong5	guang4	赣			69251		
冶	ia3	ya3	ye3	赣			14977		
剌	lat7	lat6	la2	赣			19888		
廓	kʰuɔʔ7	kuok6	kuo4	赣			14128		
啷	lɔŋ5	long4	lang1	赣			534377		本1
莝	tsʰo3	co3	cuo4	赣			11430	一段/一节/节/段	
誺	lai5	lai4	chi1	赣			25000		
涿	tɔʔ7	dok6	zhuo1	赣	淋	lin2	215364		
睖	len1	len1	leng4	赣			137565	瞪	
睃	tɕyn5	jyun4	suo1	赣			4828		
斢	tʰeu3	teu3	tiao3	赣			26000		
䞀	heu6	heu5	hou4	赣			19188		
豛		teng1	yi4	赣	撞	zhuang4	135660		
柞	tsɔʔ7	zok6	zha4	赣			5003		
搨	tat7	dat6	ta4	赣	掌掴	zhang3 gai1	121000	扇	
㲃	tɕiu5	jiu4	jiu4	赣	拧	ning3	122984		
㔶	kon3	gon3	gong4	赣			8856		
摒	pen5	ben4	bing3	赣			4331		
㦿	kʰan3	kan3	qian3	赣			8593		
滘	kau5	gau4	jiao4	赣			7600		
刑	ɕin5	xin4	xing2	赣			145000	欺负/折磨	
娘	ȵiɔŋ5	niong4	niang2	赣			255000	母亲/妈妈	
短	ton3	don3	duan3	赣			52500	短到/截	
吾	u5	wu4	wu2	赣			90000		
徛	tɕʰi6	qi5	ji4	赣			194560	站	
古	ku3	gu3	gu3	赣			166302		
长	tsʰɔŋ2	cong2	zhang3	赣			408489		
长	tsɔŋ3	zong3	zhang3	赣			356971		
言	ȵiɛn5	nien4	yan2	赣			55000		老1
语	ȵy3	nyu3	yu3	赣			410000		老1
量	liɔŋ5	liong4	liang4	赣			200000		
量	liɔŋ6	liong5	liang4	赣			200000		
强	tɕʰiɔŋ2	qiong2	qiang2	赣			165000		
强	tɕʰiɔŋ3	qiong3	qiang2	赣			165000		
强	tɕʰiɔŋ6	qiong5	qiang2	赣			165000		
还	fan5	fan4	hai2	赣			407058		又1
还	hat7	hat6	hai2	赣			407058		本2
宜	ȵi5	ni4	yi2	赣			225000		老1
宜	i0	yi0	yi2	赣			225000		
从	tsʰuŋ2	cung2	cong2	赣			370000		
乖	kuai1	guai1	guai1	赣			120000		
估	ku3	gu3	gu1	赣			30000		
光	kuɔŋ1	guong1	guang1	赣			234690		
广	kuɔŋ3	guong3	guang3	赣			30000		
治	tsʰɿ6	ci5	zhi4	赣			205000		老1
治	tsʰɿ2	ci2	zhi4	赣			205000		
剐	kua3	gua3	gua3	赣			30000		
卦	kua6	gua5	gua4	赣			30000		
固	ku5	gu4	gu4	赣			135620		
姑	ku1	gu1	gu1	赣			30000		
孤	ku1	gu1	gu1	赣			30000		
官	kuon1	guon1	guan1	赣			260000		
寡	kua3	gua3	gua3	赣			30000		
床	tsʰɔŋ2	cong2	chuang2	赣			135000		
归	kui1	gui1	gui1	赣			234000	回	
怪	kuai5	guai4	guai4	赣			110000		
惯	kuan5	guan4	guan4	赣			30000		
想	ɕiɔŋ3	xiong3	xiang3	赣			411904		
桂	kui5	gui4	gui4	赣			30000		
暎	iaŋ5	yang4	ying4	白			30000	看守	
个	ko5	go4	ge4	赣			392747		
尔	ɵ3	o3	er3	赣			70000		
尔	n̩3	n3	er3	赣			70000		
晏	ŋæn5	ngan4	yan4	赣			450000	晚/硌	
应	in1	yin1	ying1	赣			30000		
应	ŋien5	ngien4	ying1	白			30000		
应	in5	yin4	ying1	文			30000		
间	kan1	gan1	jian1	赣			180000		
间	kan5	gan4	jian1	赣			180000		
车	tsʰa1	ca1	che1	赣			30000		
船	son5	son4	chuan2	赣			30000		
船	tsʰon2	con2	chuan2	赣			30000		
甑	tsɛn5	zen4	zeng4	赣			30000		
屋	uʔ7	wuk6	wu1	赣			85000		
横	uaŋ5	wang4	heng2	白			180000		老1
閕	ŋa1	nga1	xia1	赣			80000	张/閕口	
着	tsoʔ7	zok6	zhe5	赣			438584	再着	
落	lɔʔ8	lok7	luo4	赣			190000		
扤	u3	wu3	wu4	赣			85000	搞/做/舞	
敦	tɨn5	den4	dun1	赣			30000		
撚	ȵiɛn3	nien3	nian3	赣			30000		
毃	kʰɔʔ7	kok6	qiao1	赣			30000		
衡	hɛn2	hen2	heng2	赣			30000		
把	pa3	ba3	ba3	赣			415002		
䁐	iaŋ5	yang4	ying1	赣			60000	看到/看护/看着/看守	
搊	tsʰɛu1	ceu1	chou1	赣			30000		
端	ton1	don1	duan1	赣			375780		
沕	mi6	mi5	mi4	赣			30000		
盈	in5	yin4	ying2	赣			30000		
假	ka3	ga3	jia3	赣			115000		
等	tɛn3	den3	deng3	赣			445934		
蕹	ŋ̍5	ng4	weng4	赣			60000		
佢	tɕie3	jie3	qu2	赣	他	ta1	555604		又1
㞎	pa3	ba3	ba3	赣			35000		
㞘	tuʔ7	duk6	du1	赣			10001		
㫰	lɔŋ6	long5	lang4	赣			10002		
㬤	tɕʰit7	qit6	qi1	赣			10003		
䘵	luʔ7	luk6	lu4	赣			120000		
䙻	tsʰɿ1	ci1	ci1	赣	窥视/偷看/窥隙		161300		
䠡	co2	co2	cuo2	赣			220000	蹬	
䰲	ŋat7	ngat6	ya4	赣			120000		
䱗	tsʰan1	can1	can1	赣			120000		
乩	tɕi1	ji1	ji1	赣			120000		
伕	fu1	fu1	fu1	赣			10000		
伢	ŋa5	nga4	ya2	赣			145000		
佬	lau3	lau3	lao3	赣			145000		
刴	to5	do4	duo4	赣			35000		
厾	tuʔ7	duk6	du1	赣			195000	捅	
咷	tʰau2	tau2	tao2	赣			10000		
哔	pit7	bit6	bi4	赣			10001		
嘟	tu5	du4	du1	赣			10002		
圳	tsɨn5	zen4	zhen4	赣			120000		
圿	kuat7	guat6	jia2	赣			10000		
坨	tʰo2	to2	tuo2	赣			10000		
坼	tsʰaʔ7	cak6	che4	赣			10000		
垜	tʰo6	to5	duo3	赣			10000		
垜	to3	do3	duo3	赣			10000		
堎	lɛn6	len5	leng4	赣			10000		
垴	lau3	lau3	nao3	赣			60000		
妬	tu5	du4	du4	赣			10000		
娼	tsʰɔŋ1	cong1	chang1	赣			10000		
婊	piɛu3	bieu3	biao3	赣			10000		
嫑	piɛu5	bieu4	bao2	赣			10000		
嫦	sɔŋ5	song4	chang2	赣			121000		老1
嬯	tai1	dai1	tai2	赣			10000		
尴	kan1	gan1	gan1	赣			120000		
屙	ŋo1	ngo1	e1	赣			130000		
峨	ŋo5	ngo4	e2	赣			10000		
幛	tsɔŋ5	zong4	zhang4	赣			10000		
怄	ŋiɛu5	ngieu4	ou4	赣			170000		
凭	pʰen6	pen5	ping2	赣			155000		
戥	tɛn3	den3	deng3	赣			120000		
抲	kʰa1	ka1	he1	赣	扼住/扼		125000	掐/挤	
抿	min3	min3	min3	赣			10001		
捼	lui5	lui4	ruo2	赣			9862		
掱	pʰa2	pa2	pa2	赣			10003		
揇	lon3	lon3	nan3	赣			35004		
搉	kʰɔʔ7	kok6	que4	赣			85005		
搽	tsʰa2	ca2	cha2	赣			10006		
攎	lu1	lu1	lu2	赣	合抱	he2 bao4	120000		
攎	lu5	lu4	lu2	赣			120000		
攨	ua3	wa3	wa1	赣			10000		
敥	iɛn6	yen5	yan4	赣			140030	撒/散布	
㪗	tʰɛu3	teu3	tou3	赣			120000		
朶	to3	do3	duo3	赣			10000		
桠	ŋa1	nga1	ya1	赣			10000		
榫	sun3	sun3	sun3	赣			10000		
樝	tsa1	za1	zha1	赣			10000		
氹	tʰɔŋ6	tong5	dang4	赣			10000		
汆	tsʰon1	con1	cuan1	赣			145000		
汊	tsʰa0	ca0	cha4	赣			10000		
沰	tɔʔ7	dok6	tuo1	赣			10000		
瀞	tɕʰiaŋ6	qiang5	jing4	白			10000		
瀞	tɕʰin6	qin5	jing4	文			10000		
灹	tsa5	za4	zha4	赣			10000		
炆	uen5	wun4	wen2	赣			10000		
煠	tsat7	zat6	zha2	赣			35000		
𬉼	ŋiɛu5	ngieu4	ou1	赣	捂热	wu3 re4	122300		
焖	mɨn6	men5	men4	赣			120000		
珓	kau5	gau4	jiao4	赣			55000		
瑴	kʰuʔ7	kuk6	jue2	赣			5000		
甏	pʰaŋ6	pang5	beng4	赣			5000		
疔	tiaŋ1	diang1	ding1	白			5000		
疨	ha1	ha1	xia1	赣			5000		
疳	kon1	gon1	gan1	赣			5000		
疿	fɨi5	fei4	fei4	赣			30000		
痧	sa1	sa1	sha1	赣			5000		
痲	ma5	ma4	ma2	赣			5000		
瘀	y5	yu4	yu1	赣			5000		
皈	kui1	gui1	gui1	赣			60000		
盬	ku3	gu3	gu3	赣			2000		
瞌	kʰɔʔ7	kok6	ke1	赣			100000		
砣	tʰo2	to2	tuo2	赣			5994		
硙	ŋai5	ngai4	wei2	赣			5995		
祐	iu6	yiu5	you4	赣			5996		
簰	pʰai2	pai2	pai2	赣			5997		
簷	iɛn5	yen4	yan2	赣			5998		
緖	ɕy6	xyu5	xu4	赣			5999		
绱	sɔŋ6	song5	shang4	赣			6000		
萦	iaŋ1	yang1	ying2	白			20000		
纵	tsuŋ5	zung4	zong4	赣			120000		
罯	ŋot7	ngot6	an3	赣			195000	捂	
肨	pʰɔŋ3	pong3	pang4	赣			6000		
膱	tsɨt7	zet6	zhi2	赣			6000		
臌	ku3	gu3	gu3	赣			6000		
臜	tsa1	za1	za1	赣			56000		
荳	tʰɛu6	teu5	dou4	赣			6000		
菢	pʰau6	pau5	bao4	赣			6000		
莴	uo1	wo1	wo1	赣			6000		
蓡	sɛn1	sen1	shen1	赣			6000		
蔴	ma5	ma4	ma2	赣			31000		
蔸	tɛu1	deu1	dou1	赣			60000	根部	
藠	tɕʰiɛu6	qieu5	jiao4	赣			6000		
虰	tin1	din1	ding1	赣			6000		
虼	kiɛt7	giet6	ge4	赣			6000		
蛐	tɕʰy1	qyu1	qu1	赣			10000		
螂	lɔŋ5	long4	lang2	赣			5000		
螼	tɕin0	jin0	qin3	赣			5000		
蟢	ɕi3	xi3	xi3	赣			5000		
褙	pi5	bi4	bei4	赣			5000		
褯	tɕʰia6	qia5	jie4	赣			5000		
覴	tɛn1	den1	deng1	赣			5000		
觘	tsʰau3	cau3	chao4	赣			120000		
认	ȵin6	nin5	ren4	白			170000		
认	lɨn6	len5	ren4	文			170000		
踮	tiɛn3	dien3	dian3	赣			120000		
蹾	tɨn1	den1	dun1	赣			120000		
趸	tɨn3	den3	dun3	赣			5000		
躱	to3	do3	duo3	赣			30000		
釉	iu6	yiu5	you4	赣			5000		
铇	pʰau2	pau2	bao4	赣			5000		
铇	pʰau6	pau5	bao4	赣			4991		
镍	ȵiɛt7	niet6	nie4	赣			4992		
闩	son1	son1	shuan1	赣			4993		
闩	suæn1	suan1	shuan1	赣			4994		
靪	tin1	din1	ding1	赣			4995		
顉	ŋon3	ngon3	qin1	赣			4996		
馊	sɛu1	seu1	sou1	赣			4997		
驐	tɨn1	den1	dun1	赣			4998		
鬏	tɕiu1	jiu1	jiu1	赣			4999		
鬬	tɛu5	deu4	dou4	赣			5000		
鲶	ȵiɛn5	nien4	nian2	赣			12000		
鳝	sɛn6	sen5	shan4	赣			9993		
鸶	sɿ1	si1	si1	赣			9994		
鹻	kan3	gan3	jian3	赣			9995		
黢	tɕʰyt7	qyut6	qu1	赣			9996		
黵	tsɛn3	zen3	zhan3	赣			9997		
鼇	ŋau5	ngau4	ao2	赣			9998		
𣠽	pa5	ba4	𣠽5	赣			9999		
唔	m̩2	m̩2	wu2	赣			10000		
莽	mɔŋ3	mong3	mang3	赣			125000	长/曼	
搁	kɔʔ7	gok6	ge1	赣			380000	放	
烊	iɔŋ5	yong4	yang2	赣			124660	融化	
㦜	fɔʔ7	fok6	huo4	赣	害怕	hai4 pa4	275000		
餱	hɛu6	heu5	hou2	赣			100000	引诱	
霸	pa5	ba4	ba4	赣			125000	强占	
嘎	ka2	ga2	ga1	赣			315000		
榷		kok7	que4	赣	敲击	qiao1 ji1	100000	敲	
碍	ŋai6	ngai5	ai4	赣			175000	拖延	
躿	kʰaŋ1	kang1	kang1	赣			100000	瘦	
弆	kie3	gie3	ju3	赣			231056	藏匿	
该	kai1	gai1	gai1	赣	欠	qian4	350000		
拕	tʰo2	to2	tuo1	赣			360000		
丩	tɕiu1	jiu1	jiu1	赣			100000	溜溜	
挭	kaŋ3	gang3	geng3	赣			100000	争吵/吵	
掁	tsʰaŋ3	cang3	cheng2	赣			200000		
搛	tɕʰiɛn3	qien3	jian1	赣			140000	夹/夹菜	
囡	mau1	mau1	nan1	赣			100000	猫/囡孲子	
孲	ŋa1	nga1	ya1	赣			100000	囡孲子/伢	
詑	tʰo2	to2	yi2	赣			100000	事情/事/聊天	
蹍	tsʰun6	cun5	nian3	赣			100000	踢/蹍人/踹	
㧐	ɕyon1	xyuon1	song3	赣			100000	推	
鏾	ɕiɛn5	xien4	san3	赣			60000	鏾鸡/阉	
鬝	kʰat7	kat6	qian1	赣			60000	鬝头/秃顶	
攠	mi1	mi1	mi2	赣	玩弄	wan2 nong4	125000	攠攠摸摸/欺负	
蚻	tsʰat8	cat7	zha2	赣			100000	蚻巴子	
喼	tɕit7	jit6	jie1	赣			100000	喼绿	
黆	sɨn1	sen1	guang1	赣			125000	黄/黆黄	
㬹	tsaŋ1	zang1	zheng1	赣	后跟	hou4 gen1	100000	脚后跟/脚㬹	
箇	ko3	go3	ge4	赣	这	zhe4	392798	箇里/箇只	
啵	po1	bo1	bo1	赣			550000	吗	
咚	tɔŋ3	dong3	dong1	赣			100000	咚明	
姎	iɔŋ1	yong1	yang1	赣			100000	女生/姎子	
摭	sa5	za4	zhi2	赣			50000	摭时	
屄	piet7	biet6	bi1	赣			100000	女阴/逼	
曱	tsʰat8	cat7	yue1	赣			100000	蟑螂	
家	kan3	gan3	jia1	赣			350000		
真	tɕin1	jin1	zhen1	白			230000		
式	ɕiʔ7	xik6	shi4	白			265000		
搣		miet6	mie4	赣	掰	bai1	100000	掰开	
㧸	pʰᴀŋ1	pang1	peng1	赣			125000	赶/赶走/拍门/驱赶	
局	tɕʰyt7	qyut6	ju2	赣			135000		老1
径	tɕiaŋ5	jiang4	jing4	白			145000		
桬	so1	so1	sha1	赣			100000	偷看	
䟃	coet7	coet6	can1	赣			350000	跑/走/逛	
跍	kʰuʔ6	ku2	ku1	赣			100000	蹲	
佮	kot7	got6	ge2	赣			125000		
跕	tiɛt7	diet6	dian3	赣	掷	zhi4	100000		
擉	tsʰɔʔ7	cok6	chuo4	赣	肏	cao4	125000	操	
㨂	ton3	don3	dong3	赣			125000		
丁	tiaŋ1	diang1	ding1	白			140000		
丁	tin1	din1	ding1	文			140000		
乘	tsʰən2	cen2	cheng2	赣			175000		又1
亭	tʰiᴀŋ2	tiang2	ting2	白			145000		
俗	suʔ7	suk6	su2	赣			155000		新1
儒	ɵ5	o4	ru2	赣			120000		本1
儒	lu5	lu4	ru2	赣			120000		又1
其	tɕʰiᴇ2	qie2	qi2	白			380000		
十	sɨt8	set7	shi2	文			190000		
去	tɕʰiᴇ3	qie3	qu4	白			373402		
去	tɕʰy3	qyu3	qu4	文			373402		
只	tsat7	zat6	zhi1	白			386050	个	
吃	tɕʰiaʔ7	qiak6	chi1	官			310000		
名	min5	min4	ming2	文			266260		
名	miᴀŋ5	miang4	ming2	白			266260		
命	miaŋ6	miang5	ming4	白			221520		
命	min6	min5	ming4	文			221520		
城	saŋ5	sang4	cheng2	白			80000		
墨	mɑʔ7	mak6	mo4	文			30000		
如	ɵ5	o4	ru2	赣			406065		本1
如	lu5	lu4	ru2	赣			406065		又1
定	tʰiaŋ6	tiang5	ding4	白			62500		
定	tʰin6	tin5	ding4	文			62500		
平	pʰiaŋ2	piang2	ping2	白			175000		
平	pʰin2	pin2	ping2	文			175000		
径	tɕin5	jin4	jing4	文			145000		
明	min5	min4	ming2	文			350000		
明	miaŋ5	miang4	ming2	白			350000		
星	ɕin1	xin1	xing1	文			30000		
星	ɕiaŋ1	xiang1	xing1	白			30000		
橙	tsʰᴀŋ2	cang2	cheng2	文			30000		
正	tsaŋ1	zang1	zheng4	赣			393560		
正	tsɨn5	zen4	zheng4	文			393560		
正	tsaŋ5	zang4	zheng4	白			393560	成/好	
汝	ɵ3	o3	ru3	赣			122000		本1
烹	pʰᴀŋ1	pang1	peng1	文			30000		
生	saŋ1	sang1	sheng1	白			202898		
生	sɛn1	sen1	sheng1	文			202898		
病	pʰin6	pin5	bing4	文			55000		
百	paʔ7	bak6	bai3	白			135000		
省	saŋ3	sang3	sheng3	白			165000		
省	sɛn5	sen4	sheng3	赣			55000		
石	sɑʔ7	sak6	shi2	文			182500		老1
觉	tɕyot7	jyuot6	jue2	赣			120000		新1
钉	tin1	din1	ding1	白			55000		
青	tɕʰin1	qin1	qing1	文			30000		
青	tɕʰiaŋ1	qiang1	qing1	白			30000		
领	lin3	lin3	ling3	文			31739		
领	liaŋ3	liang3	ling3	白			31739		
人	lɨn5	len4	ren2	文			350000		
省	sen3	sen3	sheng3	文			155000		
什	sɿʔ7	sik6	shen2	赣			380000		
出		cuot6	chu1	赣			395397		
出	tsʰət7	cet6	chu1	赣			395397		老1
只	tsɿʔ7	zik6	zhi3	赣			386050		新1
值	tsʰət7	cet6	zhi2	赣			350000		老1
么		me0	me5	赣			290000		
渠	tɕie3	jie3	qu2	赣	她	ta1	550000		
渠	tɕie3	jie3	qu2	赣	它	ta1	550000		又1
佢	tɕie3	jie3	qu2	赣			555604		
佢	tɕie3	jie3	qu2	赣	她	ta1	555604		
佢	tɕie3	jie3	qu2	赣	它	ta1	555604		
话	ua6	wa5	hua4	白	说	shuo1	410000		
直	tsʰət7	cet6	zhi2	赣			190000		老1
直	tsʰɨt8	cet7	zhi2	赣			190000		老2
值	tsʰɨt8	cet7	zhi2	赣			350000		老2
尧	iɛu5	yeu4	yao2	赣			155000		新1
翼	iɛt8	yet7	yi4	白			126072		
胛		gangk6	jia3	赣			100000		
飞		fei1	fei1	赣			150000		
括	kʰuot7	kuot6	kuo4	赣			105000		新1
暗	ŋæn5	ngan4	an4	赣			125000		
在	cei6	cei5	zai4	赣			350000		又1
了	le0	le0	le5	赣			350000		新1
实	sɛt7	set6	shi2	赣			330000		老1
实	ɕiʔ7	xik6	shi2	赣			330000		
怕	pa0	ba0	pa4	赣			235000		
着	tsʰɔʔ8	cok7	zhe5	赣			350000		
冎	kuaʔ7	guak6	gua3	赣			100000		
枼	se1	se1	ye4	赣			100000		
啷	lɔːŋ1	long1	lang1	赣	怎/怎么	zen3/zen3 me0	550000		又1
喫	tɕʰiaʔ7	qiak6	chi1	赣	吃/喝	chi1/he1	415203		
除	tsʰu2	cu2	chu2	赣			270000		新1
容	luŋ5	lung4	rong2	赣			130000		新1
日		niak7	ri4	赣			350000		
共	kʰuŋ6	kung5	gong4	文			135000		
尤	ɕiu5	xiu4	you2	赣			125000		
猪	tɕy1	jyu1	zhu1	赣			300000		老1
主	tɕy3	jyu3	zhu3	赣			385602		老1
处	tɕʰy3	qyu3	chu4	赣			350000		老1
住	tɕʰy6	qyu5	zhu4	赣			225000		老1
书	ɕy1	xyu1	shu1	赣			330000		老1
输	ɕy1	xyu1	shu1	赣			180000		老1
树	ɕy6	xyu5	shu4	赣			155000		老1
除	tɕʰy2	qyu2	chu2	赣			270000		老1
朱	tɕy1	jyu1	zhu1	赣			150000		老1
珠	tɕy1	jyu1	zhu1	赣			125000		老1
世	sɿ5	si4	shi4	赣			100000		本1
静	tɕʰin0	qin0	jing4	赣			100000		
糁	son0	son0	san3	赣			100000		
子	tsɿ0	zi0	zi5	赣			350000		
勒	lɛt0	let0	lei1	赣			175000		
骨	kut0	gut0	gu3	赣			181400		
毛	mau0	mau0	mao2	赣			200000		
时	sɿ0	si0	shi2	赣			270000		
鼓	ku0	gu0	gu3	赣			100000		
力	lit0	lit0	li4	赣			105000		
水	sui0	sui0	shui3	赣			200000		
萨	sat0	sat0	sa4	赣			105000		
量	liɔŋ0	liong0	liang4	赣			270000		
贵	kui0	gui0	gui4	赣			105000		
狗	kiɛu0	gieu0	gou3	赣			105000		
腐	fu0	fu0	fu3	赣			100000		
注	tsu5	zu4	zhu4	赣			150000		新1
得	tɛt0	det0	de2	赣	给	gei3	350000		
侏	tsu1	zu1	zhu1	赣			200000		新1
诛	tsu1	zu1	zhu1	赣			125000		新1
瞿	tɕʰy2	qyu2	qu2	赣			150000		新1
蛛	tsu1	zu1	zhu1	赣			100000		新1
诸	tsu1	zu1	zhu1	赣			125000		新1
伫	tsʰu6	cu5	zhu4	赣			175000		新1
柱	tsʰu6	cu5	zhu4	赣			105000		新1
煮	tsu3	zu3	zhu3	赣			150000		新1
株	tsu1	zu1	zhu1	赣			100000		新1
蛀	tsʰu6	cu5	zhu4	赣			125000		新1
竺	tsuʔ7	zuk6	zhu2	赣			130000		
褚	tsʰu3	cu3	chu3	赣			100000		新1
潴	tsu1	zu1	zhu1	赣			125000		新1
驻	tsʰu6	cu5	zhu4	赣			100000		新1
刍	tsʰu2	cu2	chu2	赣			100000		新1
厨	tsʰu2	cu2	chu2	赣			100000		新1
贮	tsu6	zu5	zhu4	赣			100000		新1
矗	tsʰu6	cu5	chu4	赣			100000		新1
署	su3	su3	shu3	赣			100000		新1
竖	su6	su5	shu4	赣			100000		新1
铸	tsʰu6	cu5	zhu4	赣			125000		新1
语	y3	yu3	yu3	赣			350000		新1
严	iɛn5	yen4	yan2	赣			150000		新1
言	iɛn5	yen4	yan2	赣			125000		新1
研	iɛn5	yen4	yan2	赣			256796		新1
妍	yen2	yen2	yan2	赣			100000		新1
验	iɛn6	yen5	yan4	赣			125000		新1
择	tsɛt7	zet6	ze2	赣			125000		新1
释	sɿʔ7	sik6	shi4	赣			150000		新1
术	suʔ7	suk6	shu4	赣			105000		新1
式	sɿʔ7	sik6	shi4	赣			265000		新1
食	sɿʔ7	sik6	shi2	赣			100000		新1
湿	sɿʔ7	sik6	shi1	赣			125000		新1
饰	sɿʔ7	sik6	shi4	赣			125000		新1
失	sɿʔ7	sik6	shi1	赣			105000		新2
适	sɿʔ7	sik6	shi4	赣			100000		新1
室	sɿʔ7	sik6	shi4	赣			100000		新1
识	sɿʔ7	sik6	shi2	赣			100000		新1
拾	sɿʔ7	sik6	shi2	赣			100000		新1
蚀	sɿʔ7	sik6	shi2	赣			100000		新1
喇	la0	la0	la3	赣			125000		
西	ɕi0	xi0	xi1	赣			100000		
踉	laŋ1	lang1	liang2	赣			100000		
且	tɕʰiᴇ3	qie3	qie3	赣			350000		新1
肺	fɨi5	fei4	fei4	赣			100000		
嫦	tsʰɔŋ2	cong2	chang2	赣			100000		新1
袖	ɕiu6	xiu5	xiu4	文			100000		新1
饶	lɛu5	leu4	rao2	赣			185000		
石	sɿʔ7	sik6	shi2	赣			175000		新1
质	tsɿʔ7	zik6	zhi4	赣			150000		新1
议	i6	yi5	yi4	赣			100000		新1
仪	i5	yi4	yi2	赣			100000		新1
义	i6	yi5	yi4	赣			175000		新1
入	luʔ7	luk6	ru4	赣			350000		又1
社	sa6	sa5	she4	赣			100000		
业	ȵiɛt7	niet6	ye4	赣			133000		老1
十	ɕit8	xit7	shi2	白			176000		
席	ɕit7	xit6	xi2	文			100000		
怕	pat7	ba6	pa4	赣			235000		
乾	tɕʰiɛn2	qien2	qian2	赣			100000		
㰵	tsuʔ7	zuk6	zu2	赣			110000	塞/崴	
吱	tɕit7	jit6	zhi1	赣			100000		
漆	tɕʰit0	qit0	qi1	赣			100000		
风	fuŋ0	fung0	feng1	赣			135000		
旺	uɔŋ6	wong5	wang4	文			100000		
寅	yin0	yin0	yin2	赣			100000		
宝	pau0	bau0	bao3	赣			150000		
泅	tɕʰiu0	qiu0	qiu2	赣			100000		
祭	tɕi0	ji0	ji4	赣			100000		
作	tsɔʔ0	zok0	zuo4	赣			180000		
嘴	tsui0	zui0	zui3	赣			100000		
磨	mo0	mo0	mo2	赣			100000		
个	ko0	go0	ge4	赣			392747		
胯	kʰa0	ka0	kua4	赣			100000		
睏		kun0	kun4	赣			306230		
睏		kun5	kun4	赣			306230	睡	
闪	sɨn0	sen0	shan3	赣			100000		
嘢	ye6	yue5	ye3	赣			100000		
屑	ɕiɛt0	xiet0	xie4	赣			125000		
秺	tsʰa6	ca5	du4	赣			100000		
唦	sa0	sa0	sha1	赣			166520		
乎	fuʔ7	fuk6	hu1	赣			175000		老1
刮	kuat7	guat6	gua1	赣			125000		
宜	i5	yi4	yi2	赣			125000		新1
锯	tɕy5	jyu4	ju4	赣			125000		新1
纪	tɕi5	ji4	ji4	赣			100000		
嗰	ko0	go0	ge3	赣	的	de5	492749		
攒	tsʰun5	cun4	zan3	赣			105000		
危	ui1	wui1	wei1	文			100000		
谐	ɕiɛt7	xiet6	xie2	赣			100000		新1
著	tsu5	zu4	zhu4	赣			100000		新1
糊	fu5	fu4	hu2	赣			125000		
薹	tʰai2	tai2	tai2	赣			100000		
徵	tsɛn1	zen1	zheng1	赣			100000		
唇	tsʰun2	cun2	chun2	赣			130000		新1
於	y2	yu2	yu2	赣			100000		
摺	tsɛt7	zet6	zhe2	赣			100000		
奅	pʰau1	pau1	pao4	赣			125000		
时	ɕi5	xi4	shi2	赣			270000		又1
煊	ɕyon1	xyuon1	xuan1	赣			100000		
锹	kʰot7	kot6	qiao1	赣			100000		
咑		dak6	da1	赣			125000		
嗲	tiᴀ1	dia1	die1	赣			100000		
客	kʰiɛt7	kiet6	ke4	文			175000		
应	in6	yin5	ying1	赣			100000		
和	ho2	ho2	he2	赣			350000		新1
治	tsɿʔ7	zik6	zhi4	赣			205000		新1
薯	su3	su3	shu3	赣			100000		新1
盟	mɨn5	men4	meng2	赣			100000		新1
导	tau6	dau5	dao3	赣			175000		新1
乎	fu6	fu5	hu1	赣			175000		新1
岳	yot7	yuot6	yue4	赣			100000		新1
逐	tsuʔ7	zuk6	zhu2	赣			125000		新1
具	tɕy5	jyu4	ju4	赣			125000		新1
夺	tot7	dot6	duo2	赣			175000		新1
拒	tɕy5	jyu4	ju4	赣			100000		新1
原	yon5	yuon4	yuan2	赣			160000		新1
舍	sa6	sa5	she3	赣			205000		
狱	yt7	yut6	yu4	赣			100000		新1
柿	sɿ6	si5	shi4	赣			100000		新1
愚	y5	yu4	yu2	赣			100000		新1
疑	i5	yi4	yi2	赣			135000		新1
艺	i6	yi5	yi4	赣			100000		新1
宅	tsai5	zai4	zhai2	赣			125000		新1
巨	tɕy5	jyu4	ju4	赣			100000		新1
融	luŋ5	lung4	rong2	赣			100000		新1
辙	tsɛt7	zet6	zhe2	赣			100000		新1
遇	y6	yu5	yu4	赣			100000		新1
织	tsɿʔ7	zik6	zhi1	赣			100000		新1
职	tsɿʔ7	zik6	zhi2	赣			100000		新1
锡	ɕiʔ7	xik6	xi1	赣			100000		新1
愿	yon6	yuon5	yuan4	赣			100000		新1
极	tɕit7	jit6	ji2	赣			100000		新1
殖	tsɿʔ7	zik6	zhi2	赣			135000		新1
泽	tsɛt7	zet6	ze2	赣			150000		新1
植	tsɿʔ7	zik6	zhi2	赣			139600		新1
兼	tɕiɛn1	jien1	jian1	赣			100000		
执	tsɿʔ7	zik6	zhi2	赣			100000		新1
鲜	ɕiɛn3	xien3	xian1	赣			100000		
阵	tsɛn5	zen4	zhen4	赣			100000		新1
籍	tɕʰit7	qit6	ji2	赣			100000		老1
辰	tsʰɨn5	cen4	chen2	赣			100000		新1
晨	tsʰɨn5	cen4	chen2	赣			105000		新1
寻	ɕyn5	xyun4	xun2	文			326094		
荣	luŋ5	lung4	rong2	赣			100000		新1
化	fon5	fon4	hua4	赣	挥霍	hui1 huo4	350000		
瘕	ha1	ha1	jia3	赣			100000		
夜	ia0	ya0	ye4	赣			205000		
述	suʔ7	suk6	shu4	赣			110000		新1
述	ɕyt7	xyut6	shu4	赣			110000		老1
毙	pʰi0	pi0	bi4	赣			100000		
啮	net7	net6	nie4	赣			115000		
捩	liɛt7	liet6	lie4	赣	拧	ning3	90000		
褶		zet6	zhe3	赣			90000		
佶		jiet6	ji2	赣			80000		
侑	iu6	yiu5	you4	赣			60000		
侥	tɕiɛu3	jieu3	jiao3	赣			60000		
俞	y5	yu4	yu2	赣			90000		
俣	y3	yu3	yu3	赣			6500		
倌	kuon1	guon1	guan1	赣			75000		
倩	tɕʰiɛn1	qien1	qian4	赣			90000		
倭	uo1	wo1	wo1	赣			90000		
偈	tɕiɛt7	jiet6	ji4	赣			50000		
僰	pʰɛt7	pet6	bo2	赣			90000		
兀	uʔ7	wuk6	wu4	赣			115000		
兕	sɿ5	si4	si4	赣			120000		
刖		yet6	yue4	赣			90000		
刭	tɕin3	jin3	jing3	赣			90000		
剀	kʰai3	kai3	kai3	赣			10000		
剟	tɔʔ7	dok6	duo1	赣			125000	剁	
劁	tɕʰiɛu1	qieu1	qiao1	赣			90000		
劓	i1	yi1	yi4	赣			90000		
劾		het6	he2	赣			95000		
匜	i2	yi2	yi2	赣			1200		
厝	tsʰo6	co5	cuo4	赣			90000		
叱	tsʰɿ6	ci5	chi4	赣			74250		
吣	tɕʰin6	qin5	qin4	赣			51329		
呤	lin2	lin2	ling4	赣			39999		
咀	tɕy3	jyu3	ju3	赣			35658		
咄	tɔʔ7	dok6	duo1	赣			60000		
咎	tɕʰiu6	qiu5	jiu4	赣			64513		
咭	ɕit7	xit6	ji1	赣			12000		
哂	sɨn3	sen3	shen3	赣			20545		
哓	ɕieu1	xieu1	xiao1	赣			45625		
哕		yet6	hui4	赣			15505		
哳	sai1	sai1	zha1	赣			30000		
哿	ko1	go1	ge3	赣			30000		
唝	kɔŋ5	gong4	gong4	赣			30000		
唪		peng1	feng3	赣			30000		
唳	li6	li5	li4	赣			45872		
啉	lin2	lin2	lin2	赣			30510		
啐	cei6	cei5	cui4	赣			140000		
啜	tsʰɔʔ7	cok6	chuai4	赣			90000		
啾	tɕʰiu1	qiu1	jiu1	赣			15606		
喁	y2	yu2	yong2	赣			63190		
喙	fɨi6	fei5	hui4	赣			90000		
嗔	tʰɛn1	ten1	chen1	赣			3725		
嗫	ȵiɛt7	niet6	nie4	赣			3647		
噫	i6	yi5	yi1	赣			90000		
囹	lin2	lin2	ling2	赣			56034		
囿	iu3	yiu3	you4	赣			83430		
圪	ke3	ge3	ge1	赣			76426		
圻	tɕʰi2	qi2	qi2	赣			63758		
坌		beng5	ben4	赣			79345		
坩	kan1	gan1	gan1	赣			90000		
坫	tsɛn2	zen2	dian4	赣			90000		
坻	ti3	di3	chi2	赣			35614		
垅	luŋ3	lung3	long3	赣			30000		
万	uan6	wan5	wan4	文			220000		
万	man6	man5	wan4	白			220000		
下	ha6	ha5	xia4	文			370000		
下	ka6	ga5	xia4	白			370000		
丸	yon5	yuon4	wan2	白			120000		
丸	uon5	won4	wan2	文			120000		
会	ui6	wui5	hui4	赣			386025		
伯	pet7	bet6	bo2	文			120000		
供	kuŋ1	gung1	gong1	文			205000		
供	tɕiuŋ5	jiung4	gong1	白			205000		
兄	ɕiuŋ1	xiung1	xiong1	文			170000		
共	tɕʰiuŋ6	qiung5	gong4	白			155000		
再	tsai5	zai4	zai4	赣			370000		
冷	laŋ3	lang3	leng3	白			145000		
刚	kɔŋ1	gong1	gang1	文			195000		
危	ui5	wui4	wei1	白			120000		
卵	lon3	lon3	luan3	赣			205000		
卵	lo3	lo3	luan3	赣			205000		
合	kot7	got6	he2	白			200000		
呆	ŋai5	ngai4	dai1	白			170000		
呼	fu1	fu1	hu1	文			120000		
和	fo5	fo4	he2	赣			805815		老1
声	saŋ1	sang1	sheng1	白			370000		
奔	pen1	ben1	ben1	赣			120000		
女	ȵy3	nyu3	nv3	赣			370000		
女	ȵyn3	nyun3	nv3	赣	女儿	nv3 er2	370000		
奶	lai3	lai3	nai3	文			120000		
姓	ɕin5	xin4	xing4	文			145000		
孟	men6	men5	meng4	白			120000		
孟	muŋ6	mung5	meng4	文			120000		
完	uon5	won4	wan2	文			370000		
完	yon5	yuon4	wan2	白			370000		
密	mɛt7	met6	mi4	赣			120000		老1
尾	mi3	mi3	wei3	白			145000		
尾	ui3	wui3	wei3	文			145000		
岭	lin3	lin3	ling3	文			120000		
岭	liaŋ3	liang3	ling3	白			120000		
常	sɔŋ5	song4	chang2	白			145000		老1
常	tsʰɔŋ2	cong2	chang2	文			161598		新1
庚	kien1	gien1	geng1	文			170000		
影	iaŋ3	yang3	ying3	白			120000		
影	in3	yin3	ying3	文			120000		
微	ui5	wui4	wei1	文			120000		
忍	ȵin3	nin3	ren3	白			170000		
忘	mɔŋ6	mong5	wang4	白			145000		
忘	uɔŋ6	wong5	wang4	文			145000		
怀	uai5	wai4	huai2	白			130000		
性	ɕin5	xin4	xing4	文			330000		
惊	tɕin1	jin1	jing1	文			145000		
披	pʰi1	pi1	pi1	文			120000		
拒	tɕʰy6	qyu5	ju4	文			120000		老1
揽	lan3	lan3	lan3	文			120000		
斜	ɕia5	xia4	xie2	文			130000		
斜	tɕʰia2	qia2	xie2	白			130000		
旋	tɕʰyon6	qyuon5	xuan2	白			120000		
旋	ɕyon6	xyuon5	xuan2	文			120000		
朋	pʰuŋ2	pung2	peng2	文			120000		
望	uɔŋ6	wong5	wang4	文	看	kan4	370000		
望	mɔŋ6	mong5	wang4	白	看	kan4	370000		
柏	pet7	bet6	bai3	文			170000		
染	len3	len3	ran3	文			135000		
核	het8	het7	he2	文			120000		
核	ut7	wut6	he2	白			120000		
梗	kuaŋ3	guang3	geng3	白			120000		
棚	pʰuŋ2	pung2	peng2	文			120000		
橡	ɕiɔŋ6	xiong5	xiang4	白			120000		
毛	mau5	mau4	mao2	文			220000		
毛	mau1	mau1	mao2	白			220000		
活	uot8	wot7	huo2	赣			220000		本1
浮	feu5	feu4	fu2	文			120000		
淹	ien1	yen1	yan1	文			120000		
清	tɕʰin1	qin1	qing1	文			325000		
渠	tɕʰie2	qie2	qu2	白	他	ta1	550000		本1
滴	tit7	dit6	di1	文			145000		
漩	ɕyon6	xyuon5	xuan2	文			90000		
熨	yt7	yut6	yun4	白			90000		
牚	tsʰaŋ3	cang3	cheng1	白			30000		
牛	ȵiu5	niu4	niu2	文			155000		
特	tʰet8	tet7	te4	赣			275000		本1
特	tʰet7	tet6	te4	赣			275000		又1
猛	mɛn3	men3	meng3	白			225000		
猛	muŋ3	mung3	meng3	文			225000		
猫	mau5	mau4	mao1	文			120000		
环	fan5	fan4	huan2	赣			215000		本1
瓦	ua3	wa3	wa3	赣			170000		
瓶	pʰin2	pin2	ping2	文			170000		
皇	fɔŋ5	fong4	huang2	文			120000		
相	ɕiɔŋ1	xiong1	xiang1	文			145000		
相	ɕiɔŋ5	xiong4	xiang1	白			145000		
眶	kʰuaŋ1	kuang1	kuang4	白			120000		
睛	tɕiaŋ1	jiang1	jing1	白			145000		
矛	mau5	mau4	mao2	文			120000		
矛	mieu5	mieu4	mao2	白			120000		
硬	ŋaŋ6	ngang5	ying4	白			220000		
程	tsʰaŋ2	cang2	cheng2	白			125000		
笛	tʰit8	tit7	di2	文			120000		
簧	fɔŋ5	fong4	huang2	文			120000		
精	tɕin1	jin1	jing1	文			170000		
绒	iuŋ5	yung4	rong2	白			120000		
绒	luŋ5	lung4	rong2	文			120000		
网	uɔŋ3	wong3	wang3	文			120000		
腊	lat7	lat6	la4	赣			120000		
腥	ɕiaŋ1	xiang1	xing1	白			120000		
茸	luŋ5	lung4	rong1	文			120000		
蒙	muŋ5	mung4	meng2	文			120000		
蒙	muŋ1	mung1	meng2	白			120000		
虹	fuŋ5	fung4	hong2	文			145000		
蚊	uen5	wun4	wen2	文			120000		
蜡	lat7	lat6	la4	文			120000		
蝗	fɔŋ5	fong4	huang2	文			120000		
蟥	uɔŋ5	wong4	huang2	白			90000		
行	ɕin5	xin4	xing2	文			270000		
行	hen6	hen5	xing2	白			270000		
袋	tʰai6	tai5	dai4	文			120000		
袖	tɕʰiu6	qiu5	xiu4	白			120000		老1
警	tɕin3	jin3	jing3	文			120000		
许	he3	he3	xu3	白	那	na4	550000		
请	tɕʰin3	qin3	qing3	文			370000		
谢	ɕia6	xia5	xie4	文			170000		
谢	tɕʰia6	qia5	xie4	白			170000		
辣	lat8	lat7	la4	白	能干	neng2 gan4	120000		
辣	lat7	lat6	la4	文			120000		
铃	lin5	lin4	ling2	文			120000		
铅	ȵyon5	nyuon4	qian1	白			125000		
铅	kʰan1	kan1	qian1	文			125000		老1
问	uen6	wun5	wen4	文			389874		
随	sui5	sui4	sui2	文			145000		
雷	lui5	lui4	lei2	文			145000		老1
靴	ɕye1	xyue1	xue1	文			120000		
韧	ȵin6	nin5	ren4	白			125000		
顶	tin3	din3	ding3	文			125000		
顷	tɕʰyn3	qyun3	qing3	文			120000		
颈	tɕiaŋ3	jiang3	jing3	白			120000		
鹏	pʰuŋ2	pung2	peng2	文			120000		
麦	met7	met6	mai4	白			120000		
黄	uɔŋ5	wong4	huang2	白			320000		
黄	fɔŋ5	fong4	huang2	文			320000		
鼎	tin3	din3	ding3	文			120000		
舐	sɿ6	si5	shi4	文			100000		
微	mi1	mi1	wei1	白			100000		
㸏	mi5	mi4	mi2	文			100000		
腿	tʰi3	ti3	tui3	白			125000		
袋	tʰi6	ti5	dai4	白			100000		
随	tɕʰi2	qi2	sui2	白			125000		
伱	ȵi3	ni3	ni3	文			147623		
呼	kʰu1	ku1	hu1	白			100000		
瘸	tɕye1	jyue1	que2	白			100000		
靴	ɕia1	xia1	xue1	白			100000		
挫	tso1	zo1	cuo4	白			130516		
挫	tsʰo3	co3	cuo4	文			125000		
和	uo5	wo4	he2	赣			350000		
挤	tse1	ze1	ji3	白			100000		
舐	se1	se1	shi4	白			100000		
披	pʰie3	pie3	pi1	白			100000		
㸏	mie5	mie4	mi2	白			100000		
㰦	tɕʰie1	qie1	qu4	白			100000		
渔	ȵie5	nie4	yu2	白			106716		
拒	kʰie6	kie5	ju4	白			100000		
譺	ŋie6	ngie5	ai4	白			100000		
瘸	tɕʰye2	qyue2	que2	文			100000		
你	nen3	nen3	ni3	赣			415320		
呆	tai1	dai1	dai1	文			150000		
奶	lai1	lai1	nai3	白			100000		
睳	fɨi1	fei1	hui1	赣			100000		
嚖	fɨi3	fei3	hui4	赣			100000		
𫄹	fɨi5	fei4	𫄹5	赣			100000		
𰬸	fɨi6	fei5	𰬸5	赣			100000		
浮	pʰau1	pau1	fu2	白			100000		
梢	sau3	sau3	shao1	赣			100000		
猫	mieu5	mieu4	mao1	白			100000		
牛	ŋieu5	ngieu4	niu2	白			135000		
赒	tsɛu1	zeu1	zhou1	赣			100000		
犫	tsʰeu1	ceu1	chou1	赣			100000		
鲉	tsʰɛu2	ceu2	you2	赣			100000		
殠	tsʰɛu3	ceu3	chou4	赣			100000		
售	tɕʰiu6	qiu5	shou4	白			100000		
扌	seu3	seu3	shou5	赣			100000		
绶	seu6	seu5	shou4	赣			100000		
售	ɕiu6	xiu5	shou4	赣			100000		又1
淹	ŋan1	ngan1	yan1	白			100000		
玩	uan5	wan4	wan2	文			350000		
还	uan5	wan4	hai2	赣			350000		本1
环	uan5	wan4	huan2	赣			195000		又1
脕	uan6	wan5	wan4	文			100000		
揽	lon3	lon3	lan3	白			100000		
漩	tɕʰyon6	qyuon5	xuan2	白			100000		
朋	pʰen2	pen2	peng2	白			100000		
鹏	pʰen2	pen2	peng2	白			100000		
硼	pʰen2	pen2	peng2	白			100000		
彭	pʰen2	pen2	peng2	文			100000		
膨	pʰuŋ2	pung2	peng2	赣			100000		
横	fen6	fen5	heng2	文			197000		
泓	fen5	fen4	hong2	文			100000		
𨱑	fen5	fen4	huang2	赣			100000		
伱	nen3	nen3	ni3	白			147623		
耕	kien1	gien1	geng1	文			100000		
坑	kʰien1	kien1	keng1	文			100000		
顷	kʰien3	kien3	qing3	白			100000		
蚊	mɨn5	men4	wen2	白			100000		
问	mɨn6	men5	wen4	白			350000		
荤	fɨn1	fen1	hun1	赣			100000		
葐	fɨn5	fen4	pen2	赣			100000		
𢅯	fɨn6	fen5	fen4	赣			100000		
𪏆	tʰɛn1	ten1	tun1	赣			100000		
啍	tʰɨn2	ten2	tun1	赣			100000		
畽	tʰen3	ten3	tun3	赣			100000		
鶨	tʰɨn6	ten5	chuan4	赣			100000		
刃	lɨn6	len5	ren4	文			108064		
韧	lɨn6	len5	ren4	文			105000		
侲	tsɨn1	zen1	zhen4	赣			100000		
赈	tsɛn3	zen3	zhen4	赣			100000		
缜	tsʰen1	cen1	zhen3	赣			100000		
臣	tsʰɨn2	cen2	chen2	赣			100000		
敶	tsʰen6	cen5	zhen4	赣			100000		
胂	sɨn1	sen1	shen4	赣			100000		
頣	sɨn3	sen3	shen3	赣			100000		
乗	ɕin5	xin4	cheng2	白			100000		
愼	sen6	sen5	shen4	赣			100000		
凭	pʰin2	pin2	ping2	赣			135000		
坪	pʰin2	pin2	ping2	文			100000		
萍	pʰin2	pin2	ping2	文			130000		
疔	tin1	din1	ding1	文			100000		
钉	tin5	din4	ding1	文			125000		
订	tʰin6	tin5	ding4	文			100000		
淸	tɕʰin1	qin1	qing1	文			100000		
靑	tɕʰin1	qin1	qing1	文			100000		
程	tɕʰin2	qin2	cheng2	文			105000		
晴	tɕʰin2	qin2	qing2	文			125000		
擎	tɕʰin2	qin2	qing2	文			103249		
磬	tɕʰin3	qin3	qing4	文			100000		
净	tɕʰin6	qin5	jing4	文			186934		
郑	tɕʰin6	qin5	zheng4	文			110000		
靖	tɕʰin6	qin5	jing4	文			100937		
迎	ȵin5	nin4	ying2	赣			136501		老1
任	ȵin6	nin5	ren4	白			100000		
人	ȵin5	nin4	ren2	白			350000		
仁	ȵin5	nin4	ren2	白			125000		
刃	ȵin6	nin5	ren4	白			100000		
净	tɕʰiaŋ6	qiang5	jing4	白			180000		
醒	ɕin3	xin3	xing3	文			100000		
映	in5	yin4	ying4	文			102862		
暎	in5	yin4	ying4	文			100000		
笋	sun3	sun3	sun3	文			131700		
吮	sun3	sun3	shun3	文			103025		
吮	tɕʰyn6	qyun5	shun3	白			100000		
笋	ɕyn3	xyun3	sun3	白			105000		
颍	yn3	yun3	ying3	赣			100000		
颖	yn3	yun3	ying3	赣			100000		
怦	pʰaŋ1	pang1	peng1	白			100000		
憉	pʰaŋ2	pang2	peng2	白			100000		
瞠	tsʰaŋ1	cang1	cheng1	白			100000		
郑	tsʰaŋ6	cang5	zheng4	白			110000		
兵	piaŋ1	biang1	bing1	白			180000		
䴵	piaŋ3	biang3	bing3	白			100000		
萍	pʰiaŋ2	piang2	ping2	白			130000		
顶	tiaŋ3	diang3	ding3	白			105000		
订	tiaŋ5	diang4	ding4	白			100000		
铃	liaŋ5	liang4	ling2	白			100000		
靑	tɕʰiaŋ1	qiang1	qing1	白			100000		
擎	tɕʰiaŋ2	qiang2	qing2	白			100000		
磬	tɕʰiaŋ3	qiang3	qing4	白			100000		
卝	kʰuaŋ6	kuang5	kuang4	白			100000		
㶇	uaŋ5	wang4	heng2	白			100000		
横	uaŋ6	wang5	heng2	赣			150000		
网	mɔŋ3	mong3	wang3	白			100000		
蟥	fɔŋ5	fong4	huang2	文			100000		
虹	kɔŋ5	gong4	hong2	白			125000		
刚	tɕiɔŋ1	jiong1	gang1	白			175000		
王	iɔŋ5	yong4	wang2	白			125000		
旺	iɔŋ6	yong5	wang4	白			106226		
皇	uɔŋ5	wong4	huang2	白			100000		
簧	uɔŋ5	wong4	huang2	白			100000		
怦	pʰuŋ1	pung1	peng1	文			100000		
戎	luŋ5	lung4	rong2	文			108318		
茸	iuŋ5	yung4	rong1	白			100000		
戎	iuŋ5	yung4	rong2	白			100000		
蜡	lat8	lat7	la4	白			100000		
绝	tɕʰyot7	qyuot6	jue2	赣			150000		
绝	tɕʰyot8	qyuot7	jue2	赣			150000		
月	ȵyot7	nyuot6	yue4	赣			350000		又1
月	ȵyot8	nyuot7	yue4	赣			350000		本1
百	pet7	bet6	bai3	文			195000		
佰	pet7	bet6	bai3	文			155615		
白	pʰet8	pet7	bai2	文			350000		
陌	met7	met6	mo4	文			104906		
壁	pit7	bit6	bi4	文			205000		
伯	paʔ7	bak6	bo2	白			120000		
拍	pʰaʔ7	pak6	pai1	白			145000		
白	pʰaʔ8	pak7	bai2	白			350000		
麦	maʔ8	mak7	mai4	赣			100000		
㩇	faʔ7	fak6	huo4	赣			100000		
搦	laʔ7	lak6	nuo4	白			320602	拿	
债	tsaʔ7	zak6	zhai4	白			125000		
尺	tsʰaʔ7	cak6	chi3	白			120000		
石	saʔ8	sak7	shi2	白			195000		
格	kaʔ7	gak6	ge2	白			120000		
客	kʰaʔ7	kak6	ke4	白			195000		
吓	haʔ7	hak6	xia4	白			145000		
壁	piaʔ7	biak6	bi4	白	墙壁	qiang2 bi4	205000		
劈	pʰiaʔ7	piak6	pi1	白			145000		
滴	tiaʔ7	diak6	di1	白	点	dian3	145000		
迹	tɕiaʔ7	jiak6	ji4	白			120000		
席	tɕʰiaʔ8	qiak7	xi2	白			100000		
逆	ȵiaʔ7	niak6	ni4	白			100000		
𠚳	kʰuaʔ7	kuak6	kuo4	白			100000		
笃	tɔʔ8	dok7	du3	白			100000		
弱	lɔʔ7	lok6	ruo4	赣			125000		新1
箬	lɔʔ7	lok6	ruo4	文			100000		
乐	ŋɔʔ7	ngok6	le4	白			180000		
弱	ȵiɔʔ7	niok6	ruo4	赣			125000		老1
箬	ȵiɔʔ7	niok6	ruo4	白			100000		
乐	iɔʔ7	yok6	le4	文			160000		
伏	pʰuʔ8	puk7	fu2	白			120000		
伏	fuʔ8	fuk7	fu2	文			120000		
玉	ȵiuʔ7	niuk6	yu4	赣			125000		新1
续	ɕiuʔ8	xiuk7	xu4	赣			150000		
确	tɕʰyot7	qyuot6	que4	赣			170000		新1
声	sɨn1	sen1	sheng1	文			370000		
玩	2	ngon5	wan2	白			370000		
墨	mɛt7	met6	mo4	白			120000		
研	ȵiɛn5	nien4	yan2	赣			256796		
舒	su1	su1	shu1	赣			125000		新1
暑	su3	su3	shu3	赣			130000		新1
掺	tsʰan1	can1	can4	赣			151674		
美		mei3	mei3	赣			135000		新1
每		mei3	mei3	赣			350000		新1
梅		mei4	mei2	赣			100000		新1
溪	ɕi1	xi1	xi1	赣			125000		新1
恕	su5	su4	shu4	赣			100000		新1
抒	su1	su1	shu1	赣			100000		新1
墅	su6	su5	shu4	赣			100000		新1
庶	su5	su4	shu4	赣			100000		新1
鼠	su3	su3	shu3	赣			100000		新1
曙	su6	su5	shu3	赣			100000		新1
争	tsaŋ1	zang1	zheng1	白			270000		
争	tsɛn1	zen1	zheng1	文			270000		
咯	lɛu0	leu0	ge1	赣			276302		
数	sɿ0	si0	shu4	赣			290000		
脱	tʰot7	tot6	tuo1	赣			150000		
伢	ŋa0	nga0	ya2	赣			125000		
略	lyuot7	lyuot6	lve4	赣			115000		新1
周	tɕiu1	jiu1	zhou1	赣			350000		又1
昼	tɕiu5	jiu4	zhou4	赣			155000		
粒	lit7	lit6	li4	赣			100000		新1
成	tsʰɨn2	cen2	cheng2	文			416686		
掟	tiaŋ5	diang4	zheng3	赣			151526	扔	
轻	tɕʰin1	qin1	qing1	文			145000		
轻	tɕʰiaŋ1	qiang1	qing1	白			145000		
抽	tɕʰiu1	qiu1	chou1	赣			180459		又1
泪	lei6	lei5		赣			130000		新1
捼	lei5	lei4		赣			10002		
雷	lei5	lei4		文			145000		新1
仁	lɨn5	len4	ren2	文			145000		
忍	lɨn3	len3	ren3	文			170000		
呀	ia5	ya4	ya5	赣			375300		
哩	li0	li0	li1	赣			305000		
到	tau0	dau0	dao4	赣			350000		
洌		lie5	lie4	赣			125000		
细	ɕi0	xi0	xi4	赣			150000		
并	pʰin6	pin5	bing4	赣			415230		
啊	a0	a0	a5	赣			350000		
诶		e1	ei2	赣			156897		
欸		e1	ai1	赣			178946		
撑	tsʰaŋ5	cang4	cheng1	赣			175000		
姆	m1	m1	mu3	赣			125000		
喔	uo1	wo1	o1	赣			265698		新1
零	liaŋ5	liang4	ling2	白			239000		
零	lin5	lin4	ling2	文			230000		
舍	sa0	sa0	she3	赣			205000		
虑	ly6	lyu5	lv4	赣			125000		新1
给		gei3	gei3	赣			350000		新1
渠	tɕʰy2	qyu2	qu2	文			350000		
灵	lin0	lin0	ling2	赣			150000		
井	tɕiaŋ3	jiang3	jing3	白			155000		
井	tɕin3	jin3	jing3	文			155000		
惊	tɕiaŋ1	jiang1	jing1	白			145000		
晴	tɕʰiaŋ2	qiang2	qing2	白			145000		
清	tɕʰiaŋ1	qiang1	qing1	白			325000		
真	tsɨn1	zen1	zhen1	文			250000		
睛	tɕin1	jin1	jing1	文			145000		
精	tɕiaŋ1	jiang1	jing1	白			170000		
请	tɕʰiaŋ3	qiang3	qing3	白			370000		
吥	pɨt7	bet6	bu4	赣			140200	掉/完	
握	uot7	wot6	wo4	赣			175000		新1
渥	uot7	wot6	wo4	赣			125000		新1
密	mit7	mit6	mi4	赣			100000		新1
宾	pin1	bin1	bin1	赣			175000		
冰	pin1	bin1	bing1	赣			150000		
箇	kon3	gon3	ge4	赣			392798		
许	hɛn3	hen3	xu3	赣			350000		
掯	kʰiɛn3	kien3	ken4	赣			126542	拿/握	
拓	tʰot7	tot6	tuo4	赣			100000		新1
㿹	tʰat7	tat6	ta4	赣			100000		
灒	tsan5	zan4	zan4	赣			132000	灒	
串	tsʰon2	con2	chuan4	赣			240000		新1
涿	tsɔʔ7	zok6	zhuo1	赣			150000		
嘁	tɕʰit7	qit6	qi1	赣			175000		
窣	sot7	sot6	su1	赣			100000		
抹	mat7	mat6	mo3	赣			146366		
手	ɕiu3	xiu3	shou3	赣			150000		又1
收	ɕiu1	xiu1	shou1	赣			105000		又1
弟	tʰi0	ti0	di4	赣			100000		
屋	ut7	wut6	wu1	赣			115000		
阿	ŋa0	nga0	a1	赣			145000		
妈	ma0	ma0	ma1	赣			145000		
哥	ko0	go0	ge1	赣			145000		
婆	pʰo0	po0	po2	赣			140000		
姐	tɕia0	jia0	jie3	赣			145000		
爸	paʔ0	bak0	ba4	赣			120000		
公	kuŋ0	gung0	gong1	赣			290000		
舅	tɕʰiu0	qiu0	jiu4	赣			120000		
日	ȵit7	nit6	ri4	白			370000		
断	ton5	don4	duan4	赣			135000		
断	ton3	don3	duan4	赣	拦截	lan2 jie2	191320	短	
尚	sɔŋ0	song0	shang4	赣			120000		
气	tɕʰi0	qi0	qi4	赣			180000		
辑	tɕʰit0	qit0	ji2	赣			200000		
辑	tɕit7	jit6	ji2	赣			140000		新1
参	sɨn1	sen1	shen1	赣			125620		
肏	tsʰɔʔ7	cok6	cao4	赣			100000		
轮	lun5	lun4	lun2	赣			150000		新1
沦	lun5	lun4	lun2	赣			100000		新1
抡	lun5	lun4	lun1	赣			110000		新1
仑	lun5	lun4	lun2	赣			110000		
却	tɕʰyot7	qyuot6	que4	赣			130000		新1
雀	tɕʰyot7	qyuot6	que4	赣			120000		新1
鹊	tɕʰyot7	qyuot6	que4	赣			110000		新1
噱	ɕyot7	xyuot6	jue2	赣			110000		新1
偿	tsʰɔŋ2	cong2	chang2	赣			105000		新1
突	tʰuk7	tuk6	tu1	赣			125000		新1
忽	fuʔ7	fuk6	hu1	赣			125000		新1
佛	fɔʔ7	fok6	fu2	赣			110000		新1
或	fɔʔ7	fok6	huo4	赣			115000		新1
还	hai2	hai2	hai2	赣			206230		又2
横	hɛn2	hen2	heng2	赣			215401		新1
寂	tɕit7	jit6	ji4	赣			100000		新1
缉	tɕit7	jit6	ji1	赣			105000		新1
疾	tɕit7	jit6	ji2	赣			100000		新1
嫉	tɕi5	ji4	ji2	赣			100000		新1
闲	ɕiɛn5	xien4	xian2	赣			142000		新1
衔	ɕiɛn5	xien4	xian2	赣			153000		新1
咸	ɕiɛn5	xien4	xian2	赣			100000		新1
限	ɕiɛn6	xien5	xian4	赣			105000		新1
馅	ɕiɛn5	xien4	xian4	赣			105000		新1
陷	ɕiɛn6	xien5	xian4	赣			100000		新1
娴	ɕiɛn5	xien4	xian2	赣			100000		新1
痫	ɕiɛn5	xien4	xian2	赣			100000		新1
臭	tɕʰiu3	qiu3	chou4	赣			125000		又1
仇	tɕʰiu2	qiu2	chou2	赣			115000		又1
寿	ɕiu6	xiu5	shou4	赣			105000		又1
兽	ɕiu1	xiu1	shou4	赣			120000		又1
绸	tɕʰiu2	qiu2	chou2	赣			105000		又1
肃	suʔ7	suk6	su4	赣			105000		新1
宿	suʔ7	suk6	su4	赣			105000		新1
夙	suʔ6	suk5	su4	赣			100000		新1
蓄	ɕyt7	xyut6	xu4	赣			100000		新1
州	tɕiu1	jiu1	zhou1	赣			125000		又1
帚	tɕiu3	jiu3	zhou3	赣			110000		又1
洲	tɕiu1	jiu1	zhou1	赣			110000		又1
净	tɕʰin0	qin0	jing4	赣			186934		
鉴	tɕien5	jien4	jian4	赣			100000		又1
达	tat7	dat6	da2	赣			115000		新1
城	tsʰɨn2	cen2	cheng2	文			170000		
概	kai5	gai4	gai4	赣			145000		新1
卧	uo6	wo5	wo4	赣			157640		本1
盯	tiaŋ1	diang1	ding1	白			150204		
局	tɕyt7	jyut6	ju2	赣			105000		新1
盯	tin1	din1	ding1	文			135000		
迎	in5	yin4	ying2	赣			100000		新1
银	in5	yin4	yin2	赣			100000		新1
尸	ɕi1	xi1	shi1	赣			100000		又1
讯	ɕyn5	xyun4	xun4	赣			100000		新1
续	ɕyt7	xyut6	xu4	赣			130000		新1
业	iɛt7	yet6	ye4	赣			166300		新1
唆	ɕye1	xyue1	suo1	赣			115000		又1
索	ɕyot7	xyuot6	suo3	赣			120000		又1
曲	tɕʰy3	qyu3	qu1	赣			105000		新1
佢	tɕʰiᴇ2	qie2	qu2	赣			150000		本1
嘶	sɿ1	si1	si1	赣			141542		本1
吼	ho0	ho0	hou3	赣			176530		
骂	ma0	ma0	ma4	赣			110000		
沃	uot7	wot6	wo4	赣			115000		本1
屎	ɕi3	xi3	shi3	赣			115000		本1
犟	tɕʰiɔŋ6	qiong5	jiang4	赣			100000		
是	sɿ0	si0	shi4	赣			150000		
喜	ɕi0	xi0	xi3	赣			130000		
了	liɛu0	lieu0	le5	赣			150000		老1
幕	muʔ7	muk6	mu4	赣			100000		新1
丑	tɕʰiu3	qiu3	chou3	赣			110000		又1
般	po1	bo1	ban1	赣			150000		
𩾳	fu5	fu4	bi2	赣			1870		
𪐏	luʔ7	luk6	zhe2	赣			1502		
入	lɛt7	let6	ru4	赣			150000		本1
受	ɕiu6	xiu5	shou4	赣			115000		又1
召	tsɛu5	zeu4	zhao4	赣			100000		新1
守	ɕiu3	xiu3	shou3	赣			100000		又1
宙	tɕiu6	jiu5	zhou4	赣			100000		又1
授	ɕiu6	xiu5	shou4	赣			105000		又1
狩	ɕiu6	xiu5	shou4	赣			100000		又1
𪗻	ɕiet8	xiet7	zhi4	赣			1680		
乳	lu3	lu3	ru3	赣			128000		又1
孺	lu5	lu4	ru2	赣			123000		又1
茹	lu5	lu4	ru2	赣			134000		又1
汝	lu3	lu3	ru3	赣			123000		又1
坑	kʰaŋ1	kang1	keng1	白			120000		
𬭚	sun5	sun4	chun2	赣			1920		
㔣	lui5	lui4	lei2	赣			5226		
少	sɛu5	seu4	shao3	赣			186502		
铅	tɕʰien1	qien1	qian1	赣			105000		新1
倾	kʰiɛn1	kien1	qing1	白			175000		
倾	tɕʰin1	qin1	qing1	文			175000		
整	tsɨn3	zen3	zheng3	文			151502		
整	tsaŋ5	zang4	zheng3	白			151502		
更	kiɛn5	gien4	geng4	文			370000		
更	kaŋ1	gang1	geng4	白			370000		
羹	kaŋ1	gang1	geng1	白			145000		
羹	kiɛn1	gien1	geng1	文			145000		
耕	kaŋ1	gang1	geng1	白			120000		
醒	ɕiaŋ3	xiang3	xing3	白			120000		
额	ŋiɛt7	ngiet6	e2	文			125000		
额	ȵiaʔ7	niak6	e2	白			125000		
颙	iɔŋ5	yong4	yong2	赣			90000		
境	tɕin0	jin0	jing4	赣			100000		
字	tsʰɿ0	ci0	zi4	赣			150000		
直	tsɿʔ0	zik0	zhi2	赣			130000		
盾	tʰun6	tun5	dun4	赣			110000		新1
豚	tʰun5	tun4	tun2	赣			105000		新1
囤	tʰun5	tun4	dun4	赣			105000		新1
钝	tʰun6	tun5	dun4	赣			105000		新1
臀	tʰun5	tun4	tun2	赣			105000		新1
屯	tʰun5	tun4	tun2	赣			105000		新1
截	tɕiɛt7	jiet6	jie2	赣			105000		新1
旅	ly3	lyu3	lv3	赣			100000		新1
㶟	lui3	lui3	lei3	赣			5092		
首	ɕiu3	xiu3	shou3	赣			150000		又1
䀸	ti5	di4	chi4	赣			5331		
䁓	tsuŋ1	zung1	zong1	赣			5570		
䓲	lui6	lui5	rui4	赣			5862		
䣂	lui3	lui3	lei3	赣			4400		
䶥	tɕy3	jyu3	zha1	赣			5639		
儽	lui3	lui3	lei2	赣			4363		
孈	ɕiɛt7	xiet6	hui4	赣			5404		
樏	lui3	lui3	lei3	赣			5851		
檑	lui5	lui4	lei2	赣			5858		
流	liu0	liu0	liu2	赣			100000		
股	ku0	gu0	gu3	赣			100000		
膝	ɕit0	xit0	xi1	赣			100000		
甲	kat0	gat0	jia3	赣			100000		
古	ku0	gu0	gu3	赣			100000		
抗	kʰɔŋ0	kong0	kang4	赣			100000		
吔		ye2	ye3	赣			152230		
头	tʰɛu0	teu0	tou2	赣			100000		
病	pʰiaŋ6	piang5	bing4	白			145000		
听	tʰiaŋ1	tiang1	ting1	白			290000		
亭	tʰin2	tin2	ting2	文			145000		
榕	luŋ5	lung4	rong2	赣			100000		新1
蛤	ha5	ha4	ha2	赣			100000		
豉	ɕi0	xi0	shi4	赣			100000		又1
迪	tit7	dit6	di2	赣			100000		新1
债	tsai5	zai4	zhai4	文			145000		
兄	ɕiaŋ1	xiang1	xiong1	白			170000		
兵	pin1	bin1	bing1	文			207997		
其	tɕʰi2	qi2	qi2	文			380000		
劈	pʰit7	pit6	pi1	文			145000		
听	tʰin1	tin1	ting1	文			290000		
售	seu6	seu5	shou4	文			100139		本1
坪	pʰiaŋ2	piang2	ping2	白			120000		
式	sɨt7	set6	shi4	文			285000		老1
彭	pʰaŋ2	pang2	peng2	白			120000		
怀	ɸai5	fai4	huai2	文			130000		
怦	pʰen1	pen1	peng1	文			75330		
性	ɕiaŋ5	xiang4	xing4	白			330000		
挤	tɕi3	ji3	ji3	文			120000		
柏	paʔ7	bak6	bai3	白			170000		
染	ȵiɛn3	nien3	ran3	白			135000		
棚	pʰaŋ2	pang2	peng2	白			120000		
熨	yn5	yun4	yun4	文			90000		
猛	maŋ3	mang3	meng3	白			225000		
笛	liaʔ7	liak6	di2	白			120000		
腿	tʰui3	tui3	tui3	文			145000		
警	tɕiaŋ3	jiang3	jing3	白			120000		
迹	tɕit7	jit6	ji4	文			120000		
让	lɔŋ6	long5	rang4	赣			100000		新1
挟	ɕiɛt7	xiet6	xie2	文			120000		
挟	kat7	gat6	xie2	白			120000		
格	kiɛt7	giet6	ge2	文			120000		
逆	ȵit7	nit6	ni4	文			120000		
隔	kat7	gat6	ge2	白			125000		
隔	kiɛt7	giet6	ge2	文			125000		
揢	kʰiet7	kiet6	ke2	文			5425		
揢	kʰaʔ7	kak6	ke2	白			5136		
赢	in5	yin4	ying2	文			135602		
手	seu0	seu0	shou3	赣			370000		
借	tɕia5	jia4	jie4	文			150000		
借	tɕʰiᴀ6	qia5	jie4	白			150000		
厅	tʰiaŋ1	tiang1	ting1	白			120000		
厅	tʰin1	tin1	ting1	文			120000		
叮	tin1	din1	ding1	文			120000		
叮	tiaŋ1	diang1	ding1	白			120000		
姓	ɕiaŋ5	xiang4	xing4	白			145000		
瓶	pʰiaŋ2	piang2	ping2	白			170000		
赢	iaŋ5	yang4	ying2	白			338024		
钉	tiaŋ1	diang1	ding1	白			145000		
钉	tiaŋ5	diang4	ding1	文			145000		
铃	liaŋ6	liang5	ling2	白			120000		
饼	piaŋ3	biang3	bing3	白			145000		
饼	pin3	bin3	bing3	文			145000		
咯	lo0	lo0	ge1	赣			100000		
瀛	liɔŋ5	liong4	ying2	赣			100000		
上	sɔŋ0	song0	shang4	赣			100000		
火	fo0	fo0	huo3	赣			100000		
爹	tiᴀ0	dia0	die1	赣			100000		
髅	leu0	leu0	lou2	赣			100000		
紫	tsɿ0	zi0	zi3	赣			100000		
是	xi6	xi5	shi4	赣			156452		又1
窄	tsai3	zai3	zhai3	赣			100000		新1
