region	category	gon_fuzzy	gon_pin	ipa	example	applies	bidirectional	chainable	priority_tier	starts_with	note
common	onset	i	y	i	也	syllable-initial	false	false	primary	ia,ie,io	零声母 i 系旧写兼容；ia→ya、ieu→yeu、ion→yon、iou→you
common	onset	u	w	u	乌	syllable-initial	false	false	primary	ua,ue,uo	零声母 u 系旧写兼容；ua→wa、uen→wen、uon→won
common	rime	i	yi	i	一	syllable-final	false	false	primary	i	单写 i→yi
common	rime	in	yin	ɪŋ	因	syllable-final	false	false	primary	in	单写 in→yin
common	rime	iu	yiu	iu	有	syllable-final	false	false	primary	iu	单写 iu→yiu
common	rime	iong	yong	iuŋ	用	syllable-final	false	false	primary	iong	iong→yong
common	rime	u	wu	u	乌	syllable-final	false	false	primary	u	单写 u→wu
common	rime	ui	wi	ui	为	syllable-final	false	false	primary	ui	单写 ui→wi
common	rime	ung	wung	uŋ	翁	syllable-final	false	false	primary	ung	零声母 ung→wung，与 ueng→weng 区分
common	rime	uei	wei	uei	为	syllable-final	false	false	primary	uei	零声母 uei→wei；e 可单向匹配 ê，覆盖 wêi
common	rime	uei	wêi	uɛi	为	syllable-final	false	false	primary	uei	零声母 uei 输入单向兼容 wêi；独立于 ui→wi
common	rime	uêi	wêi	uɛi	为	syllable-final	false	true	primary	uêi	零声母 uêi→wêi，独立于 ui→wi
common	rime	ueik	weik			syllable-final	false	false	primary	ueik	入声形式同 uei
common	rime	uêik	wêik	uɛiʔ	为	syllable-final	false	true	primary	uêik	零声母 uei 的 k 尾输入兼容独立 wêik
common	rime	ueik	wêik	uɛiʔ	为	syllable-final	false	false	primary	ueik	零声母 uei 的 k 尾输入兼容独立 wêik
common	rime	ve	yue	ye	月	anywhere	false	true	primary	ve,jve,lve,nve,qve,xve	ve 系专用桥接，须先于通用 v→yu
common	rime	ue	yue	ye	月	anywhere	false	true	primary	ue,jue,lue,nue,que,xue	ue 系专用桥接，须先于通用 u→yu
common	rime	v	yu	y	与	anywhere	false	false	primary	b,p,m,f,d,t,n,l,g,k,h,j,q,x,r,z,c,s,ng,zh,ch,sh,w	仅已有声母后的 v→yu
common	rime	w	v			anywhere	false	false	primary	w	w 可单向兼容 v
common	rime	wu	v			anywhere	false	false	primary	wu	wu 可单向兼容 v
common	rime	you	yiu	iu	有	syllable-final	false	false	primary	you	yiu 可从 you 模糊输入
common	rime	wui	wi	ui	为	syllable-final	false	false	primary	wui	零声母 wui 旧写兼容 ui 的转写形式
common	rime	wen	won	uon	碗	syllable-final	false	false	primary	wen	won 可从 wen 模糊输入
common	rime	uen	won	uon	碗	syllable-final	false	false	primary	uen	零声母 won 可从 uen 模糊输入
common	rime	uen	uon	uon	碗	syllable-final	false	false	primary		带声母 uon 可从 uen 模糊输入
common	rime	yan	yen	ian	烟	syllable-final	false	false	primary	yan	仅保留输入 yan→yen 的模糊，不改写现有 yan
common	rime	i	ï	ɿ		anywhere	false	false	primary		i 可单向模糊匹配 ï
common	rime	e	ê	ɛ	额	anywhere	false	false	primary		e 可单向模糊匹配 ê
common	rime	o	eo	ɵ	儿	syllable-final	false	false	primary	o	独立音节 o 单向兼容 eo
common	rime	eu	ieu	iɛu	够	syllable-final	false	true	secondary	ng,g,k	g/k/ng 后可省略 i
common	rime	iau	yeu	iɛu	妖	syllable-final	false	false	primary	iau	零声母 iau→yeu
common	rime	yao	yeu	iɛu	妖	syllable-final	false	false	primary	yao	普通话拼音习惯输入
common	rime	ao	au	au	抱	syllable-final	true	true	primary		旧 ao 写法兼容
common	rime	ou	eu	ɛu	后	syllable-final	false	false	primary	cou,dou,fou,gou,hou,jou,kou,lou,mou,ngou,pou,sou,tou,you,zou	普通话 ou 输入兼容规范 eu
common	rime	yoin	yuon	yon	袁	syllable-final	false	false	secondary	yoin	零声母旧写向后兼容
yikyan-henfeng	rime	on	ong			syllable-final	false	true	primary		
yikyan-henfeng	rime	en	eng			syllable-final	false	true	primary		
yikyan-henfeng	rime	uon	uong			syllable-final	false	true	primary		
common	rime	yun	yung			syllable-final	false	true	primary		
common	rime	yueng	yuen			syllable-final	false	true	primary		
lancong	coda		t		客	syllable-final	false	false	fallback		入声尾：输入不带尾可模糊匹配带尾（za→zat）
lancong	coda		k		学	syllable-final	false	false	fallback		入声尾：输入不带尾可模糊匹配带 k 形式（lok）
lancong	coda	t	k		客/学	syllable-final	true	false	secondary		入声尾互相模糊
fungcen	rime	ing	en	ɨn		syllable-final	false	false	primary		丰城 ing 输入单向兼容 en
fungcen	coda		t		八	syllable-final	false	false	fallback		
fungcen	coda		p		煠	syllable-final	false	false	fallback		
fungcen	coda		k		插	syllable-final	false	false	fallback		
fungcen	coda	t	p			syllable-final	true	false	secondary		
fungcen	coda	t	k			syllable-final	true	false	secondary		
fungcen	coda	p	k			syllable-final	true	false	secondary		
common	rime	yuen	yuon	yon	渲	syllable-final	false	false	primary	yuen,jyuen,nyuen,qyuen,xyuen	覆盖现有全部 yuon 规范音
common	rime	yue	yuot	yot	月	syllable-final	false	false	primary	yue,jyue,lyue,nyue,qyue,xyue	省略入声尾时兼容到 yuot
common	rime	yuet	yuot	yot	月	syllable-final	false	false	primary	yue,jyue,lyue,nyue,qyue,xyue	正确 t 尾兼容到 yuot
common	rime	yuek	yuot	yot	月	syllable-final	false	false	primary	yue,jyue,lyue,nyue,qyue,xyue	误写 k 尾仍兼容到 yuot
common	rime	ieu	eu	ɛu	后	syllable-final	false	false	secondary	h	限定 hieu→heu
common	rime	fi	fei			syllable-final	false	false	primary	fi	整音节 fi→fei
common	rime	zuon	zon			syllable-final	false	false	primary	zuon	整音节 zuon→zon
common	rime	cuon	con			syllable-final	false	false	primary	cuon	整音节 cuon→con
common	rime	ciu	ceu			syllable-final	false	false	primary	ciu	整音节 ciu→ceu
common	rime	suon	son		算	syllable-final	false	true	primary		
common	onset	siu	seu		兽	syllable-final	false	false	primary		
common	rime	en	ien			syllable-final	false	false	primary	ng,k,g	
common	rime	et	iet		额	syllable-final	false	false	primary	ng	
common	rime	u	yu	y	与	anywhere	false	false	secondary	b,p,m,f,v,d,t,n,l,g,k,h,j,q,x,r,z,c,s,ng,zh,ch,sh	yu 可从声母后的 u 输入，且 u 不接在 y 后
tiqien	coda		k			syllable-final	false	false	fallback		自动生成：完整音系检测到该入声韵尾，输入省略韵尾时匹配带尾形式
tiqien	coda		p			syllable-final	false	false	fallback		自动生成：完整音系检测到该入声韵尾，输入省略韵尾时匹配带尾形式
tiqien	coda	k	p			syllable-final	true	false	secondary		自动生成：完整音系检测到两种入声韵尾，允许互相模糊
sinyi	coda		t			syllable-final	false	false	fallback		
sinyi	coda		k			syllable-final	false	false	fallback		
sinyi	coda	k	t			syllable-final	true	false	secondary		
songau	coda		k			syllable-final	false	false	fallback		自动生成：完整音系检测到该入声韵尾，输入省略韵尾时匹配带尾形式
songau	coda		t			syllable-final	false	false	fallback		自动生成：完整音系检测到该入声韵尾，输入省略韵尾时匹配带尾形式
songau	coda	k	t			syllable-final	true	false	secondary		自动生成：完整音系检测到两种入声韵尾，允许互相模糊
common	rime	uei	ui	uei		syllable-final	false	true	primary	b,p,m,f,v,d,t,n,l,g,k,h,j,q,x,r,z,c,s,ng,zh,ch,sh	声母后省写；零声母保留 w 系拼写
common	rime	uêi	ui	uɛi		syllable-final	false	true	primary	b,p,m,f,v,d,t,n,l,g,k,h,j,q,x,r,z,c,s,ng,zh,ch,sh	声母后省写；零声母保留 w 系拼写
common	rime	uen	un	uən		syllable-final	false	true	primary	b,p,m,f,v,d,t,n,l,g,k,h,j,q,x,r,z,c,s,ng,zh,ch,sh	声母后省写；零声母保留 w 系拼写
common	rime	uên	un	uɛn		syllable-final	false	true	primary	b,p,m,f,v,d,t,n,l,g,k,h,j,q,x,r,z,c,s,ng,zh,ch,sh	声母后省写；零声母保留 w 系拼写
common	rime	ueik	uik	ueiʔ		syllable-final	false	true	primary	b,p,m,f,v,d,t,n,l,g,k,h,j,q,x,r,z,c,s,ng,zh,ch,sh	声母后省写；零声母保留 w 系拼写
common	rime	uêik	uik	uɛiʔ		syllable-final	false	true	primary	b,p,m,f,v,d,t,n,l,g,k,h,j,q,x,r,z,c,s,ng,zh,ch,sh	声母后省写；零声母保留 w 系拼写
common	rime	uen	wen	uen	文	syllable-final	false	true	primary	uen	零声母 un/uen 同组；带帽子 e 使用 e 输入
common	rime	uen	wên	uɛn	文	syllable-final	false	true	primary	uen	零声母 un/uen 同组；带帽子 e 使用 e 输入
common	rime	uên	wên	uɛn	文	syllable-final	false	true	primary	uên	零声母 un/uen 同组；带帽子 e 使用 e 输入
common	rime	un	wen	un	文	syllable-final	false	true	primary	un	零声母 un/uen 同组；带帽子 e 使用 e 输入
common	rime	iung	yung	iuŋ	用	syllable-final	false	false	primary	iung	零声母 iu 系带韵尾时省去 i，与 yu 系共用拼写
common	rime	iun	yun	iun		syllable-final	false	false	primary	iun	零声母 iu 系带韵尾时省去 i，与 yu 系共用拼写
common	rime	iuk	yuk	iuʔ		syllable-final	false	false	primary	iuk	零声母 iu 系带韵尾时省去 i，与 yu 系共用拼写
common	rime	iuek	yuek	iuəʔ		syllable-final	false	false	primary	iuek	零声母 iu 系带韵尾时省去 i，与 yu 系共用拼写
common	rime	iuok	yuok	iuɔʔ		syllable-final	false	false	primary	iuok	零声母 iu 系带韵尾时省去 i，与 yu 系共用拼写
yikyan-henfeng	coda		k			syllable-final	false	false	fallback		自动生成：完整音系检测到该入声韵尾，输入省略韵尾时匹配带尾形式
yikyan-henfeng	rime	oi	uoi			syllable-initial	true	true	primary		
yikyan-henfeng	rime	oi	ui			syllable-initial	true	true	primary		
xyucuenn	rime	an	ann			syllable-final	false	false	primary		遂川鼻化韵可由单 n 韵尾输入匹配 nn 规范写法
xyucuenn	rime	ian	iann			syllable-final	false	false	primary		遂川鼻化韵可由单 n 韵尾输入匹配 nn 规范写法
xyucuenn	rime	in	inn			syllable-final	false	false	primary		遂川鼻化韵可由单 n 韵尾输入匹配 nn 规范写法
xyucuenn	rime	uan	uann			syllable-final	false	false	primary		遂川鼻化韵可由单 n 韵尾输入匹配 nn 规范写法
xyucuenn	rime	yuin	yuinn			syllable-final	false	false	primary		遂川鼻化韵可由单 n 韵尾输入匹配 nn 规范写法
xyucuenn	rime	ien	iênn			syllable-final	false	false	primary		鼻化韵普通 e 输入兼容 ê 拼写
xyucuenn	rime	yuen	yuênn			syllable-final	false	false	primary		鼻化韵普通 e 输入兼容 ê 拼写
xyucuenn	rime	en	ênn			syllable-final	false	false	primary		鼻化韵普通 e 输入兼容 ê 拼写
xyucuenn	rime	uenn	un			syllable-final	false	true	primary	b,p,m,f,v,d,t,n,l,g,k,h,j,q,x,r,z,c,s,ng,zh,ch,sh	鼻化韵旧式输入归并到 un 后继续匹配规范写法
xyucuenn	rime	un	unn			syllable-final	false	false	primary	b,p,m,f,v,d,t,n,l,g,k,h,j,q,x,r,z,c,s,ng,zh,ch,sh	声母后 un 匹配规范鼻化韵 unn
xyucuenn	coda		k			syllable-final	false	false	fallback		自动生成：完整音系检测到该入声韵尾，输入省略韵尾时匹配带尾形式
